{"accuracy": 0.8380952380952381, "specificity": 0.5625, "sensitivity": 0.8876404494382022}